customer_id,customer_name,customer_email,signup_date
1,Customer 1,customer1@example.com,2020-01-01 00:00:00
2,Customer 2,customer2@example.com,2020-01-01 17:32:15
3,Customer 3,customer3@example.com,2020-01-02 11:04:30
4,Customer 4,customer4@example.com,2020-01-03 04:36:45
5,Customer 5,customer5@example.com,2020-01-03 22:09:00
6,Customer 6,customer6@example.com,2020-01-04 15:41:15
7,Customer 7,customer7@example.com,2020-01-05 09:13:30
8,Customer 8,customer8@example.com,2020-01-06 02:45:45
9,Customer 9,customer9@example.com,2020-01-06 20:18:01
10,Customer 10,customer10@example.com,2020-01-07 13:50:16
11,Customer 11,customer11@example.com,2020-01-08 07:22:31
12,Customer 12,customer12@example.com,2020-01-09 00:54:46
13,Customer 13,customer13@example.com,2020-01-09 18:27:01
14,Customer 14,customer14@example.com,2020-01-10 11:59:16
15,Customer 15,customer15@example.com,2020-01-11 05:31:31
16,Customer 16,customer16@example.com,2020-01-11 23:03:47
17,Customer 17,customer17@example.com,2020-01-12 16:36:02
18,Customer 18,customer18@example.com,2020-01-13 10:08:17
19,Customer 19,customer19@example.com,2020-01-14 03:40:32
20,Customer 20,customer20@example.com,2020-01-14 21:12:47
21,Customer 21,customer21@example.com,2020-01-15 14:45:02
22,Customer 22,customer22@example.com,2020-01-16 08:17:17
23,Customer 23,customer23@example.com,2020-01-17 01:49:32
24,Customer 24,customer24@example.com,2020-01-17 19:21:48
25,Customer 25,customer25@example.com,2020-01-18 12:54:03
26,Customer 26,customer26@example.com,2020-01-19 06:26:18
27,Customer 27,customer27@example.com,2020-01-19 23:58:33
28,Customer 28,customer28@example.com,2020-01-20 17:30:48
29,Customer 29,customer29@example.com,2020-01-21 11:03:03
30,Customer 30,customer30@example.com,2020-01-22 04:35:18
31,Customer 31,customer31@example.com,2020-01-22 22:07:34
32,Customer 32,customer32@example.com,2020-01-23 15:39:49
33,Customer 33,customer33@example.com,2020-01-24 09:12:04
34,Customer 34,customer34@example.com,2020-01-25 02:44:19
35,Customer 35,customer35@example.com,2020-01-25 20:16:34
36,Customer 36,customer36@example.com,2020-01-26 13:48:49
37,Customer 37,customer37@example.com,2020-01-27 07:21:04
38,Customer 38,customer38@example.com,2020-01-28 00:53:20
39,Customer 39,customer39@example.com,2020-01-28 18:25:35
40,Customer 40,customer40@example.com,2020-01-29 11:57:50
41,Customer 41,customer41@example.com,2020-01-30 05:30:05
42,Customer 42,customer42@example.com,2020-01-30 23:02:20
43,Customer 43,customer43@example.com,2020-01-31 16:34:35
44,Customer 44,customer44@example.com,2020-02-01 10:06:50
45,Customer 45,customer45@example.com,2020-02-02 03:39:05
46,Customer 46,customer46@example.com,2020-02-02 21:11:21
47,Customer 47,customer47@example.com,2020-02-03 14:43:36
48,Customer 48,customer48@example.com,2020-02-04 08:15:51
49,Customer 49,customer49@example.com,2020-02-05 01:48:06
50,Customer 50,customer50@example.com,2020-02-05 19:20:21
51,Customer 51,customer51@example.com,2020-02-06 12:52:36
52,Customer 52,customer52@example.com,2020-02-07 06:24:51
53,Customer 53,customer53@example.com,2020-02-07 23:57:07
54,Customer 54,customer54@example.com,2020-02-08 17:29:22
55,Customer 55,customer55@example.com,2020-02-09 11:01:37
56,Customer 56,customer56@example.com,2020-02-10 04:33:52
57,Customer 57,customer57@example.com,2020-02-10 22:06:07
58,Customer 58,customer58@example.com,2020-02-11 15:38:22
59,Customer 59,customer59@example.com,2020-02-12 09:10:37
60,Customer 60,customer60@example.com,2020-02-13 02:42:52
61,Customer 61,customer61@example.com,2020-02-13 20:15:08
62,Customer 62,customer62@example.com,2020-02-14 13:47:23
63,Customer 63,customer63@example.com,2020-02-15 07:19:38
64,Customer 64,customer64@example.com,2020-02-16 00:51:53
65,Customer 65,customer65@example.com,2020-02-16 18:24:08
66,Customer 66,customer66@example.com,2020-02-17 11:56:23
67,Customer 67,customer67@example.com,2020-02-18 05:28:38
68,Customer 68,customer68@example.com,2020-02-18 23:00:54
69,Customer 69,customer69@example.com,2020-02-19 16:33:09
70,Customer 70,customer70@example.com,2020-02-20 10:05:24
71,Customer 71,customer71@example.com,2020-02-21 03:37:39
72,Customer 72,customer72@example.com,2020-02-21 21:09:54
73,Customer 73,customer73@example.com,2020-02-22 14:42:09
74,Customer 74,customer74@example.com,2020-02-23 08:14:24
75,Customer 75,customer75@example.com,2020-02-24 01:46:40
76,Customer 76,customer76@example.com,2020-02-24 19:18:55
77,Customer 77,customer77@example.com,2020-02-25 12:51:10
78,Customer 78,customer78@example.com,2020-02-26 06:23:25
79,Customer 79,customer79@example.com,2020-02-26 23:55:40
80,Customer 80,customer80@example.com,2020-02-27 17:27:55
81,Customer 81,customer81@example.com,2020-02-28 11:00:10
82,Customer 82,customer82@example.com,2020-02-29 04:32:25
83,Customer 83,customer83@example.com,2020-02-29 22:04:41
84,Customer 84,customer84@example.com,2020-03-01 15:36:56
85,Customer 85,customer85@example.com,2020-03-02 09:09:11
86,Customer 86,customer86@example.com,2020-03-03 02:41:26
87,Customer 87,customer87@example.com,2020-03-03 20:13:41
88,Customer 88,customer88@example.com,2020-03-04 13:45:56
89,Customer 89,customer89@example.com,2020-03-05 07:18:11
90,Customer 90,customer90@example.com,2020-03-06 00:50:27
91,Customer 91,customer91@example.com,2020-03-06 18:22:42
92,Customer 92,customer92@example.com,2020-03-07 11:54:57
93,Customer 93,customer93@example.com,2020-03-08 05:27:12
94,Customer 94,customer94@example.com,2020-03-08 22:59:27
95,Customer 95,customer95@example.com,2020-03-09 16:31:42
96,Customer 96,customer96@example.com,2020-03-10 10:03:57
97,Customer 97,customer97@example.com,2020-03-11 03:36:12
98,Customer 98,customer98@example.com,2020-03-11 21:08:28
99,Customer 99,customer99@example.com,2020-03-12 14:40:43
100,Customer 100,customer100@example.com,2020-03-13 08:12:58
101,Customer 101,customer101@example.com,2020-03-14 01:45:13
102,Customer 102,customer102@example.com,2020-03-14 19:17:28
103,Customer 103,customer103@example.com,2020-03-15 12:49:43
104,Customer 104,customer104@example.com,2020-03-16 06:21:58
105,Customer 105,customer105@example.com,2020-03-16 23:54:14
106,Customer 106,customer106@example.com,2020-03-17 17:26:29
107,Customer 107,customer107@example.com,2020-03-18 10:58:44
108,Customer 108,customer108@example.com,2020-03-19 04:30:59
109,Customer 109,customer109@example.com,2020-03-19 22:03:14
110,Customer 110,customer110@example.com,2020-03-20 15:35:29
111,Customer 111,customer111@example.com,2020-03-21 09:07:44
112,Customer 112,customer112@example.com,2020-03-22 02:40:00
113,Customer 113,customer113@example.com,2020-03-22 20:12:15
114,Customer 114,customer114@example.com,2020-03-23 13:44:30
115,Customer 115,customer115@example.com,2020-03-24 07:16:45
116,Customer 116,customer116@example.com,2020-03-25 00:49:00
117,Customer 117,customer117@example.com,2020-03-25 18:21:15
118,Customer 118,customer118@example.com,2020-03-26 11:53:30
119,Customer 119,customer119@example.com,2020-03-27 05:25:45
120,Customer 120,customer120@example.com,2020-03-27 22:58:01
121,Customer 121,customer121@example.com,2020-03-28 16:30:16
122,Customer 122,customer122@example.com,2020-03-29 10:02:31
123,Customer 123,customer123@example.com,2020-03-30 03:34:46
124,Customer 124,customer124@example.com,2020-03-30 21:07:01
125,Customer 125,customer125@example.com,2020-03-31 14:39:16
126,Customer 126,customer126@example.com,2020-04-01 08:11:31
127,Customer 127,customer127@example.com,2020-04-02 01:43:47
128,Customer 128,customer128@example.com,2020-04-02 19:16:02
129,Customer 129,customer129@example.com,2020-04-03 12:48:17
130,Customer 130,customer130@example.com,2020-04-04 06:20:32
131,Customer 131,customer131@example.com,2020-04-04 23:52:47
132,Customer 132,customer132@example.com,2020-04-05 17:25:02
133,Customer 133,customer133@example.com,2020-04-06 10:57:17
134,Customer 134,customer134@example.com,2020-04-07 04:29:32
135,Customer 135,customer135@example.com,2020-04-07 22:01:48
136,Customer 136,customer136@example.com,2020-04-08 15:34:03
137,Customer 137,customer137@example.com,2020-04-09 09:06:18
138,Customer 138,customer138@example.com,2020-04-10 02:38:33
139,Customer 139,customer139@example.com,2020-04-10 20:10:48
140,Customer 140,customer140@example.com,2020-04-11 13:43:03
141,Customer 141,customer141@example.com,2020-04-12 07:15:18
142,Customer 142,customer142@example.com,2020-04-13 00:47:34
143,Customer 143,customer143@example.com,2020-04-13 18:19:49
144,Customer 144,customer144@example.com,2020-04-14 11:52:04
145,Customer 145,customer145@example.com,2020-04-15 05:24:19
146,Customer 146,customer146@example.com,2020-04-15 22:56:34
147,Customer 147,customer147@example.com,2020-04-16 16:28:49
148,Customer 148,customer148@example.com,2020-04-17 10:01:04
149,Customer 149,customer149@example.com,2020-04-18 03:33:20
150,Customer 150,customer150@example.com,2020-04-18 21:05:35
151,Customer 151,customer151@example.com,2020-04-19 14:37:50
152,Customer 152,customer152@example.com,2020-04-20 08:10:05
153,Customer 153,customer153@example.com,2020-04-21 01:42:20
154,Customer 154,customer154@example.com,2020-04-21 19:14:35
155,Customer 155,customer155@example.com,2020-04-22 12:46:50
156,Customer 156,customer156@example.com,2020-04-23 06:19:05
157,Customer 157,customer157@example.com,2020-04-23 23:51:21
158,Customer 158,customer158@example.com,2020-04-24 17:23:36
159,Customer 159,customer159@example.com,2020-04-25 10:55:51
160,Customer 160,customer160@example.com,2020-04-26 04:28:06
161,Customer 161,customer161@example.com,2020-04-26 22:00:21
162,Customer 162,customer162@example.com,2020-04-27 15:32:36
163,Customer 163,customer163@example.com,2020-04-28 09:04:51
164,Customer 164,customer164@example.com,2020-04-29 02:37:07
165,Customer 165,customer165@example.com,2020-04-29 20:09:22
166,Customer 166,customer166@example.com,2020-04-30 13:41:37
167,Customer 167,customer167@example.com,2020-05-01 07:13:52
168,Customer 168,customer168@example.com,2020-05-02 00:46:07
169,Customer 169,customer169@example.com,2020-05-02 18:18:22
170,Customer 170,customer170@example.com,2020-05-03 11:50:37
171,Customer 171,customer171@example.com,2020-05-04 05:22:52
172,Customer 172,customer172@example.com,2020-05-04 22:55:08
173,Customer 173,customer173@example.com,2020-05-05 16:27:23
174,Customer 174,customer174@example.com,2020-05-06 09:59:38
175,Customer 175,customer175@example.com,2020-05-07 03:31:53
176,Customer 176,customer176@example.com,2020-05-07 21:04:08
177,Customer 177,customer177@example.com,2020-05-08 14:36:23
178,Customer 178,customer178@example.com,2020-05-09 08:08:38
179,Customer 179,customer179@example.com,2020-05-10 01:40:54
180,Customer 180,customer180@example.com,2020-05-10 19:13:09
181,Customer 181,customer181@example.com,2020-05-11 12:45:24
182,Customer 182,customer182@example.com,2020-05-12 06:17:39
183,Customer 183,customer183@example.com,2020-05-12 23:49:54
184,Customer 184,customer184@example.com,2020-05-13 17:22:09
185,Customer 185,customer185@example.com,2020-05-14 10:54:24
186,Customer 186,customer186@example.com,2020-05-15 04:26:40
187,Customer 187,customer187@example.com,2020-05-15 21:58:55
188,Customer 188,customer188@example.com,2020-05-16 15:31:10
189,Customer 189,customer189@example.com,2020-05-17 09:03:25
190,Customer 190,customer190@example.com,2020-05-18 02:35:40
191,Customer 191,customer191@example.com,2020-05-18 20:07:55
192,Customer 192,customer192@example.com,2020-05-19 13:40:10
193,Customer 193,customer193@example.com,2020-05-20 07:12:25
194,Customer 194,customer194@example.com,2020-05-21 00:44:41
195,Customer 195,customer195@example.com,2020-05-21 18:16:56
196,Customer 196,customer196@example.com,2020-05-22 11:49:11
197,Customer 197,customer197@example.com,2020-05-23 05:21:26
198,Customer 198,customer198@example.com,2020-05-23 22:53:41
199,Customer 199,customer199@example.com,2020-05-24 16:25:56
200,Customer 200,customer200@example.com,2020-05-25 09:58:11
201,Customer 201,customer201@example.com,2020-05-26 03:30:27
202,Customer 202,customer202@example.com,2020-05-26 21:02:42
203,Customer 203,customer203@example.com,2020-05-27 14:34:57
204,Customer 204,customer204@example.com,2020-05-28 08:07:12
205,Customer 205,customer205@example.com,2020-05-29 01:39:27
206,Customer 206,customer206@example.com,2020-05-29 19:11:42
207,Customer 207,customer207@example.com,2020-05-30 12:43:57
208,Customer 208,customer208@example.com,2020-05-31 06:16:12
209,Customer 209,customer209@example.com,2020-05-31 23:48:28
210,Customer 210,customer210@example.com,2020-06-01 17:20:43
211,Customer 211,customer211@example.com,2020-06-02 10:52:58
212,Customer 212,customer212@example.com,2020-06-03 04:25:13
213,Customer 213,customer213@example.com,2020-06-03 21:57:28
214,Customer 214,customer214@example.com,2020-06-04 15:29:43
215,Customer 215,customer215@example.com,2020-06-05 09:01:58
216,Customer 216,customer216@example.com,2020-06-06 02:34:14
217,Customer 217,customer217@example.com,2020-06-06 20:06:29
218,Customer 218,customer218@example.com,2020-06-07 13:38:44
219,Customer 219,customer219@example.com,2020-06-08 07:10:59
220,Customer 220,customer220@example.com,2020-06-09 00:43:14
221,Customer 221,customer221@example.com,2020-06-09 18:15:29
222,Customer 222,customer222@example.com,2020-06-10 11:47:44
223,Customer 223,customer223@example.com,2020-06-11 05:20:00
224,Customer 224,customer224@example.com,2020-06-11 22:52:15
225,Customer 225,customer225@example.com,2020-06-12 16:24:30
226,Customer 226,customer226@example.com,2020-06-13 09:56:45
227,Customer 227,customer227@example.com,2020-06-14 03:29:00
228,Customer 228,customer228@example.com,2020-06-14 21:01:15
229,Customer 229,customer229@example.com,2020-06-15 14:33:30
230,Customer 230,customer230@example.com,2020-06-16 08:05:45
231,Customer 231,customer231@example.com,2020-06-17 01:38:01
232,Customer 232,customer232@example.com,2020-06-17 19:10:16
233,Customer 233,customer233@example.com,2020-06-18 12:42:31
234,Customer 234,customer234@example.com,2020-06-19 06:14:46
235,Customer 235,customer235@example.com,2020-06-19 23:47:01
236,Customer 236,customer236@example.com,2020-06-20 17:19:16
237,Customer 237,customer237@example.com,2020-06-21 10:51:31
238,Customer 238,customer238@example.com,2020-06-22 04:23:47
239,Customer 239,customer239@example.com,2020-06-22 21:56:02
240,Customer 240,customer240@example.com,2020-06-23 15:28:17
241,Customer 241,customer241@example.com,2020-06-24 09:00:32
242,Customer 242,customer242@example.com,2020-06-25 02:32:47
243,Customer 243,customer243@example.com,2020-06-25 20:05:02
244,Customer 244,customer244@example.com,2020-06-26 13:37:17
245,Customer 245,customer245@example.com,2020-06-27 07:09:32
246,Customer 246,customer246@example.com,2020-06-28 00:41:48
247,Customer 247,customer247@example.com,2020-06-28 18:14:03
248,Customer 248,customer248@example.com,2020-06-29 11:46:18
249,Customer 249,customer249@example.com,2020-06-30 05:18:33
250,Customer 250,customer250@example.com,2020-06-30 22:50:48
251,Customer 251,customer251@example.com,2020-07-01 16:23:03
252,Customer 252,customer252@example.com,2020-07-02 09:55:18
253,Customer 253,customer253@example.com,2020-07-03 03:27:34
254,Customer 254,customer254@example.com,2020-07-03 20:59:49
255,Customer 255,customer255@example.com,2020-07-04 14:32:04
256,Customer 256,customer256@example.com,2020-07-05 08:04:19
257,Customer 257,customer257@example.com,2020-07-06 01:36:34
258,Customer 258,customer258@example.com,2020-07-06 19:08:49
259,Customer 259,customer259@example.com,2020-07-07 12:41:04
260,Customer 260,customer260@example.com,2020-07-08 06:13:20
261,Customer 261,customer261@example.com,2020-07-08 23:45:35
262,Customer 262,customer262@example.com,2020-07-09 17:17:50
263,Customer 263,customer263@example.com,2020-07-10 10:50:05
264,Customer 264,customer264@example.com,2020-07-11 04:22:20
265,Customer 265,customer265@example.com,2020-07-11 21:54:35
266,Customer 266,customer266@example.com,2020-07-12 15:26:50
267,Customer 267,customer267@example.com,2020-07-13 08:59:05
268,Customer 268,customer268@example.com,2020-07-14 02:31:21
269,Customer 269,customer269@example.com,2020-07-14 20:03:36
270,Customer 270,customer270@example.com,2020-07-15 13:35:51
271,Customer 271,customer271@example.com,2020-07-16 07:08:06
272,Customer 272,customer272@example.com,2020-07-17 00:40:21
273,Customer 273,customer273@example.com,2020-07-17 18:12:36
274,Customer 274,customer274@example.com,2020-07-18 11:44:51
275,Customer 275,customer275@example.com,2020-07-19 05:17:07
276,Customer 276,customer276@example.com,2020-07-19 22:49:22
277,Customer 277,customer277@example.com,2020-07-20 16:21:37
278,Customer 278,customer278@example.com,2020-07-21 09:53:52
279,Customer 279,customer279@example.com,2020-07-22 03:26:07
280,Customer 280,customer280@example.com,2020-07-22 20:58:22
281,Customer 281,customer281@example.com,2020-07-23 14:30:37
282,Customer 282,customer282@example.com,2020-07-24 08:02:52
283,Customer 283,customer283@example.com,2020-07-25 01:35:08
284,Customer 284,customer284@example.com,2020-07-25 19:07:23
285,Customer 285,customer285@example.com,2020-07-26 12:39:38
286,Customer 286,customer286@example.com,2020-07-27 06:11:53
287,Customer 287,customer287@example.com,2020-07-27 23:44:08
288,Customer 288,customer288@example.com,2020-07-28 17:16:23
289,Customer 289,customer289@example.com,2020-07-29 10:48:38
290,Customer 290,customer290@example.com,2020-07-30 04:20:54
291,Customer 291,customer291@example.com,2020-07-30 21:53:09
292,Customer 292,customer292@example.com,2020-07-31 15:25:24
293,Customer 293,customer293@example.com,2020-08-01 08:57:39
294,Customer 294,customer294@example.com,2020-08-02 02:29:54
295,Customer 295,customer295@example.com,2020-08-02 20:02:09
296,Customer 296,customer296@example.com,2020-08-03 13:34:24
297,Customer 297,customer297@example.com,2020-08-04 07:06:40
298,Customer 298,customer298@example.com,2020-08-05 00:38:55
299,Customer 299,customer299@example.com,2020-08-05 18:11:10
300,Customer 300,customer300@example.com,2020-08-06 11:43:25
301,Customer 301,customer301@example.com,2020-08-07 05:15:40
302,Customer 302,customer302@example.com,2020-08-07 22:47:55
303,Customer 303,customer303@example.com,2020-08-08 16:20:10
304,Customer 304,customer304@example.com,2020-08-09 09:52:25
305,Customer 305,customer305@example.com,2020-08-10 03:24:41
306,Customer 306,customer306@example.com,2020-08-10 20:56:56
307,Customer 307,customer307@example.com,2020-08-11 14:29:11
308,Customer 308,customer308@example.com,2020-08-12 08:01:26
309,Customer 309,customer309@example.com,2020-08-13 01:33:41
310,Customer 310,customer310@example.com,2020-08-13 19:05:56
311,Customer 311,customer311@example.com,2020-08-14 12:38:11
312,Customer 312,customer312@example.com,2020-08-15 06:10:27
313,Customer 313,customer313@example.com,2020-08-15 23:42:42
314,Customer 314,customer314@example.com,2020-08-16 17:14:57
315,Customer 315,customer315@example.com,2020-08-17 10:47:12
316,Customer 316,customer316@example.com,2020-08-18 04:19:27
317,Customer 317,customer317@example.com,2020-08-18 21:51:42
318,Customer 318,customer318@example.com,2020-08-19 15:23:57
319,Customer 319,customer319@example.com,2020-08-20 08:56:12
320,Customer 320,customer320@example.com,2020-08-21 02:28:28
321,Customer 321,customer321@example.com,2020-08-21 20:00:43
322,Customer 322,customer322@example.com,2020-08-22 13:32:58
323,Customer 323,customer323@example.com,2020-08-23 07:05:13
324,Customer 324,customer324@example.com,2020-08-24 00:37:28
325,Customer 325,customer325@example.com,2020-08-24 18:09:43
326,Customer 326,customer326@example.com,2020-08-25 11:41:58
327,Customer 327,customer327@example.com,2020-08-26 05:14:14
328,Customer 328,customer328@example.com,2020-08-26 22:46:29
329,Customer 329,customer329@example.com,2020-08-27 16:18:44
330,Customer 330,customer330@example.com,2020-08-28 09:50:59
331,Customer 331,customer331@example.com,2020-08-29 03:23:14
332,Customer 332,customer332@example.com,2020-08-29 20:55:29
333,Customer 333,customer333@example.com,2020-08-30 14:27:44
334,Customer 334,customer334@example.com,2020-08-31 08:00:00
335,Customer 335,customer335@example.com,2020-09-01 01:32:15
336,Customer 336,customer336@example.com,2020-09-01 19:04:30
337,Customer 337,customer337@example.com,2020-09-02 12:36:45
338,Customer 338,customer338@example.com,2020-09-03 06:09:00
339,Customer 339,customer339@example.com,2020-09-03 23:41:15
340,Customer 340,customer340@example.com,2020-09-04 17:13:30
341,Customer 341,customer341@example.com,2020-09-05 10:45:45
342,Customer 342,customer342@example.com,2020-09-06 04:18:01
343,Customer 343,customer343@example.com,2020-09-06 21:50:16
344,Customer 344,customer344@example.com,2020-09-07 15:22:31
345,Customer 345,customer345@example.com,2020-09-08 08:54:46
346,Customer 346,customer346@example.com,2020-09-09 02:27:01
347,Customer 347,customer347@example.com,2020-09-09 19:59:16
348,Customer 348,customer348@example.com,2020-09-10 13:31:31
349,Customer 349,customer349@example.com,2020-09-11 07:03:47
350,Customer 350,customer350@example.com,2020-09-12 00:36:02
351,Customer 351,customer351@example.com,2020-09-12 18:08:17
352,Customer 352,customer352@example.com,2020-09-13 11:40:32
353,Customer 353,customer353@example.com,2020-09-14 05:12:47
354,Customer 354,customer354@example.com,2020-09-14 22:45:02
355,Customer 355,customer355@example.com,2020-09-15 16:17:17
356,Customer 356,customer356@example.com,2020-09-16 09:49:32
357,Customer 357,customer357@example.com,2020-09-17 03:21:48
358,Customer 358,customer358@example.com,2020-09-17 20:54:03
359,Customer 359,customer359@example.com,2020-09-18 14:26:18
360,Customer 360,customer360@example.com,2020-09-19 07:58:33
361,Customer 361,customer361@example.com,2020-09-20 01:30:48
362,Customer 362,customer362@example.com,2020-09-20 19:03:03
363,Customer 363,customer363@example.com,2020-09-21 12:35:18
364,Customer 364,customer364@example.com,2020-09-22 06:07:34
365,Customer 365,customer365@example.com,2020-09-22 23:39:49
366,Customer 366,customer366@example.com,2020-09-23 17:12:04
367,Customer 367,customer367@example.com,2020-09-24 10:44:19
368,Customer 368,customer368@example.com,2020-09-25 04:16:34
369,Customer 369,customer369@example.com,2020-09-25 21:48:49
370,Customer 370,customer370@example.com,2020-09-26 15:21:04
371,Customer 371,customer371@example.com,2020-09-27 08:53:20
372,Customer 372,customer372@example.com,2020-09-28 02:25:35
373,Customer 373,customer373@example.com,2020-09-28 19:57:50
374,Customer 374,customer374@example.com,2020-09-29 13:30:05
375,Customer 375,customer375@example.com,2020-09-30 07:02:20
376,Customer 376,customer376@example.com,2020-10-01 00:34:35
377,Customer 377,customer377@example.com,2020-10-01 18:06:50
378,Customer 378,customer378@example.com,2020-10-02 11:39:05
379,Customer 379,customer379@example.com,2020-10-03 05:11:21
380,Customer 380,customer380@example.com,2020-10-03 22:43:36
381,Customer 381,customer381@example.com,2020-10-04 16:15:51
382,Customer 382,customer382@example.com,2020-10-05 09:48:06
383,Customer 383,customer383@example.com,2020-10-06 03:20:21
384,Customer 384,customer384@example.com,2020-10-06 20:52:36
385,Customer 385,customer385@example.com,2020-10-07 14:24:51
386,Customer 386,customer386@example.com,2020-10-08 07:57:07
387,Customer 387,customer387@example.com,2020-10-09 01:29:22
388,Customer 388,customer388@example.com,2020-10-09 19:01:37
389,Customer 389,customer389@example.com,2020-10-10 12:33:52
390,Customer 390,customer390@example.com,2020-10-11 06:06:07
391,Customer 391,customer391@example.com,2020-10-11 23:38:22
392,Customer 392,customer392@example.com,2020-10-12 17:10:37
393,Customer 393,customer393@example.com,2020-10-13 10:42:52
394,Customer 394,customer394@example.com,2020-10-14 04:15:08
395,Customer 395,customer395@example.com,2020-10-14 21:47:23
396,Customer 396,customer396@example.com,2020-10-15 15:19:38
397,Customer 397,customer397@example.com,2020-10-16 08:51:53
398,Customer 398,customer398@example.com,2020-10-17 02:24:08
399,Customer 399,customer399@example.com,2020-10-17 19:56:23
400,Customer 400,customer400@example.com,2020-10-18 13:28:38
401,Customer 401,customer401@example.com,2020-10-19 07:00:54
402,Customer 402,customer402@example.com,2020-10-20 00:33:09
403,Customer 403,customer403@example.com,2020-10-20 18:05:24
404,Customer 404,customer404@example.com,2020-10-21 11:37:39
405,Customer 405,customer405@example.com,2020-10-22 05:09:54
406,Customer 406,customer406@example.com,2020-10-22 22:42:09
407,Customer 407,customer407@example.com,2020-10-23 16:14:24
408,Customer 408,customer408@example.com,2020-10-24 09:46:40
409,Customer 409,customer409@example.com,2020-10-25 03:18:55
410,Customer 410,customer410@example.com,2020-10-25 20:51:10
411,Customer 411,customer411@example.com,2020-10-26 14:23:25
412,Customer 412,customer412@example.com,2020-10-27 07:55:40
413,Customer 413,customer413@example.com,2020-10-28 01:27:55
414,Customer 414,customer414@example.com,2020-10-28 19:00:10
415,Customer 415,customer415@example.com,2020-10-29 12:32:25
416,Customer 416,customer416@example.com,2020-10-30 06:04:41
417,Customer 417,customer417@example.com,2020-10-30 23:36:56
418,Customer 418,customer418@example.com,2020-10-31 17:09:11
419,Customer 419,customer419@example.com,2020-11-01 10:41:26
420,Customer 420,customer420@example.com,2020-11-02 04:13:41
421,Customer 421,customer421@example.com,2020-11-02 21:45:56
422,Customer 422,customer422@example.com,2020-11-03 15:18:11
423,Customer 423,customer423@example.com,2020-11-04 08:50:27
424,Customer 424,customer424@example.com,2020-11-05 02:22:42
425,Customer 425,customer425@example.com,2020-11-05 19:54:57
426,Customer 426,customer426@example.com,2020-11-06 13:27:12
427,Customer 427,customer427@example.com,2020-11-07 06:59:27
428,Customer 428,customer428@example.com,2020-11-08 00:31:42
429,Customer 429,customer429@example.com,2020-11-08 18:03:57
430,Customer 430,customer430@example.com,2020-11-09 11:36:12
431,Customer 431,customer431@example.com,2020-11-10 05:08:28
432,Customer 432,customer432@example.com,2020-11-10 22:40:43
433,Customer 433,customer433@example.com,2020-11-11 16:12:58
434,Customer 434,customer434@example.com,2020-11-12 09:45:13
435,Customer 435,customer435@example.com,2020-11-13 03:17:28
436,Customer 436,customer436@example.com,2020-11-13 20:49:43
437,Customer 437,customer437@example.com,2020-11-14 14:21:58
438,Customer 438,customer438@example.com,2020-11-15 07:54:14
439,Customer 439,customer439@example.com,2020-11-16 01:26:29
440,Customer 440,customer440@example.com,2020-11-16 18:58:44
441,Customer 441,customer441@example.com,2020-11-17 12:30:59
442,Customer 442,customer442@example.com,2020-11-18 06:03:14
443,Customer 443,customer443@example.com,2020-11-18 23:35:29
444,Customer 444,customer444@example.com,2020-11-19 17:07:44
445,Customer 445,customer445@example.com,2020-11-20 10:40:00
446,Customer 446,customer446@example.com,2020-11-21 04:12:15
447,Customer 447,customer447@example.com,2020-11-21 21:44:30
448,Customer 448,customer448@example.com,2020-11-22 15:16:45
449,Customer 449,customer449@example.com,2020-11-23 08:49:00
450,Customer 450,customer450@example.com,2020-11-24 02:21:15
451,Customer 451,customer451@example.com,2020-11-24 19:53:30
452,Customer 452,customer452@example.com,2020-11-25 13:25:45
453,Customer 453,customer453@example.com,2020-11-26 06:58:01
454,Customer 454,customer454@example.com,2020-11-27 00:30:16
455,Customer 455,customer455@example.com,2020-11-27 18:02:31
456,Customer 456,customer456@example.com,2020-11-28 11:34:46
457,Customer 457,customer457@example.com,2020-11-29 05:07:01
458,Customer 458,customer458@example.com,2020-11-29 22:39:16
459,Customer 459,customer459@example.com,2020-11-30 16:11:31
460,Customer 460,customer460@example.com,2020-12-01 09:43:47
461,Customer 461,customer461@example.com,2020-12-02 03:16:02
462,Customer 462,customer462@example.com,2020-12-02 20:48:17
463,Customer 463,customer463@example.com,2020-12-03 14:20:32
464,Customer 464,customer464@example.com,2020-12-04 07:52:47
465,Customer 465,customer465@example.com,2020-12-05 01:25:02
466,Customer 466,customer466@example.com,2020-12-05 18:57:17
467,Customer 467,customer467@example.com,2020-12-06 12:29:32
468,Customer 468,customer468@example.com,2020-12-07 06:01:48
469,Customer 469,customer469@example.com,2020-12-07 23:34:03
470,Customer 470,customer470@example.com,2020-12-08 17:06:18
471,Customer 471,customer471@example.com,2020-12-09 10:38:33
472,Customer 472,customer472@example.com,2020-12-10 04:10:48
473,Customer 473,customer473@example.com,2020-12-10 21:43:03
474,Customer 474,customer474@example.com,2020-12-11 15:15:18
475,Customer 475,customer475@example.com,2020-12-12 08:47:34
476,Customer 476,customer476@example.com,2020-12-13 02:19:49
477,Customer 477,customer477@example.com,2020-12-13 19:52:04
478,Customer 478,customer478@example.com,2020-12-14 13:24:19
479,Customer 479,customer479@example.com,2020-12-15 06:56:34
480,Customer 480,customer480@example.com,2020-12-16 00:28:49
481,Customer 481,customer481@example.com,2020-12-16 18:01:04
482,Customer 482,customer482@example.com,2020-12-17 11:33:20
483,Customer 483,customer483@example.com,2020-12-18 05:05:35
484,Customer 484,customer484@example.com,2020-12-18 22:37:50
485,Customer 485,customer485@example.com,2020-12-19 16:10:05
486,Customer 486,customer486@example.com,2020-12-20 09:42:20
487,Customer 487,customer487@example.com,2020-12-21 03:14:35
488,Customer 488,customer488@example.com,2020-12-21 20:46:50
489,Customer 489,customer489@example.com,2020-12-22 14:19:05
490,Customer 490,customer490@example.com,2020-12-23 07:51:21
491,Customer 491,customer491@example.com,2020-12-24 01:23:36
492,Customer 492,customer492@example.com,2020-12-24 18:55:51
493,Customer 493,customer493@example.com,2020-12-25 12:28:06
494,Customer 494,customer494@example.com,2020-12-26 06:00:21
495,Customer 495,customer495@example.com,2020-12-26 23:32:36
496,Customer 496,customer496@example.com,2020-12-27 17:04:51
497,Customer 497,customer497@example.com,2020-12-28 10:37:07
498,Customer 498,customer498@example.com,2020-12-29 04:09:22
499,Customer 499,customer499@example.com,2020-12-29 21:41:37
500,Customer 500,customer500@example.com,2020-12-30 15:13:52
501,Customer 501,customer501@example.com,2020-12-31 08:46:07
502,Customer 502,customer502@example.com,2021-01-01 02:18:22
503,Customer 503,customer503@example.com,2021-01-01 19:50:37
504,Customer 504,customer504@example.com,2021-01-02 13:22:52
505,Customer 505,customer505@example.com,2021-01-03 06:55:08
506,Customer 506,customer506@example.com,2021-01-04 00:27:23
507,Customer 507,customer507@example.com,2021-01-04 17:59:38
508,Customer 508,customer508@example.com,2021-01-05 11:31:53
509,Customer 509,customer509@example.com,2021-01-06 05:04:08
510,Customer 510,customer510@example.com,2021-01-06 22:36:23
511,Customer 511,customer511@example.com,2021-01-07 16:08:38
512,Customer 512,customer512@example.com,2021-01-08 09:40:54
513,Customer 513,customer513@example.com,2021-01-09 03:13:09
514,Customer 514,customer514@example.com,2021-01-09 20:45:24
515,Customer 515,customer515@example.com,2021-01-10 14:17:39
516,Customer 516,customer516@example.com,2021-01-11 07:49:54
517,Customer 517,customer517@example.com,2021-01-12 01:22:09
518,Customer 518,customer518@example.com,2021-01-12 18:54:24
519,Customer 519,customer519@example.com,2021-01-13 12:26:40
520,Customer 520,customer520@example.com,2021-01-14 05:58:55
521,Customer 521,customer521@example.com,2021-01-14 23:31:10
522,Customer 522,customer522@example.com,2021-01-15 17:03:25
523,Customer 523,customer523@example.com,2021-01-16 10:35:40
524,Customer 524,customer524@example.com,2021-01-17 04:07:55
525,Customer 525,customer525@example.com,2021-01-17 21:40:10
526,Customer 526,customer526@example.com,2021-01-18 15:12:25
527,Customer 527,customer527@example.com,2021-01-19 08:44:41
528,Customer 528,customer528@example.com,2021-01-20 02:16:56
529,Customer 529,customer529@example.com,2021-01-20 19:49:11
530,Customer 530,customer530@example.com,2021-01-21 13:21:26
531,Customer 531,customer531@example.com,2021-01-22 06:53:41
532,Customer 532,customer532@example.com,2021-01-23 00:25:56
533,Customer 533,customer533@example.com,2021-01-23 17:58:11
534,Customer 534,customer534@example.com,2021-01-24 11:30:27
535,Customer 535,customer535@example.com,2021-01-25 05:02:42
536,Customer 536,customer536@example.com,2021-01-25 22:34:57
537,Customer 537,customer537@example.com,2021-01-26 16:07:12
538,Customer 538,customer538@example.com,2021-01-27 09:39:27
539,Customer 539,customer539@example.com,2021-01-28 03:11:42
540,Customer 540,customer540@example.com,2021-01-28 20:43:57
541,Customer 541,customer541@example.com,2021-01-29 14:16:12
542,Customer 542,customer542@example.com,2021-01-30 07:48:28
543,Customer 543,customer543@example.com,2021-01-31 01:20:43
544,Customer 544,customer544@example.com,2021-01-31 18:52:58
545,Customer 545,customer545@example.com,2021-02-01 12:25:13
546,Customer 546,customer546@example.com,2021-02-02 05:57:28
547,Customer 547,customer547@example.com,2021-02-02 23:29:43
548,Customer 548,customer548@example.com,2021-02-03 17:01:58
549,Customer 549,customer549@example.com,2021-02-04 10:34:14
550,Customer 550,customer550@example.com,2021-02-05 04:06:29
551,Customer 551,customer551@example.com,2021-02-05 21:38:44
552,Customer 552,customer552@example.com,2021-02-06 15:10:59
553,Customer 553,customer553@example.com,2021-02-07 08:43:14
554,Customer 554,customer554@example.com,2021-02-08 02:15:29
555,Customer 555,customer555@example.com,2021-02-08 19:47:44
556,Customer 556,customer556@example.com,2021-02-09 13:20:00
557,Customer 557,customer557@example.com,2021-02-10 06:52:15
558,Customer 558,customer558@example.com,2021-02-11 00:24:30
559,Customer 559,customer559@example.com,2021-02-11 17:56:45
560,Customer 560,customer560@example.com,2021-02-12 11:29:00
561,Customer 561,customer561@example.com,2021-02-13 05:01:15
562,Customer 562,customer562@example.com,2021-02-13 22:33:30
563,Customer 563,customer563@example.com,2021-02-14 16:05:45
564,Customer 564,customer564@example.com,2021-02-15 09:38:01
565,Customer 565,customer565@example.com,2021-02-16 03:10:16
566,Customer 566,customer566@example.com,2021-02-16 20:42:31
567,Customer 567,customer567@example.com,2021-02-17 14:14:46
568,Customer 568,customer568@example.com,2021-02-18 07:47:01
569,Customer 569,customer569@example.com,2021-02-19 01:19:16
570,Customer 570,customer570@example.com,2021-02-19 18:51:31
571,Customer 571,customer571@example.com,2021-02-20 12:23:47
572,Customer 572,customer572@example.com,2021-02-21 05:56:02
573,Customer 573,customer573@example.com,2021-02-21 23:28:17
574,Customer 574,customer574@example.com,2021-02-22 17:00:32
575,Customer 575,customer575@example.com,2021-02-23 10:32:47
576,Customer 576,customer576@example.com,2021-02-24 04:05:02
577,Customer 577,customer577@example.com,2021-02-24 21:37:17
578,Customer 578,customer578@example.com,2021-02-25 15:09:32
579,Customer 579,customer579@example.com,2021-02-26 08:41:48
580,Customer 580,customer580@example.com,2021-02-27 02:14:03
581,Customer 581,customer581@example.com,2021-02-27 19:46:18
582,Customer 582,customer582@example.com,2021-02-28 13:18:33
583,Customer 583,customer583@example.com,2021-03-01 06:50:48
584,Customer 584,customer584@example.com,2021-03-02 00:23:03
585,Customer 585,customer585@example.com,2021-03-02 17:55:18
586,Customer 586,customer586@example.com,2021-03-03 11:27:34
587,Customer 587,customer587@example.com,2021-03-04 04:59:49
588,Customer 588,customer588@example.com,2021-03-04 22:32:04
589,Customer 589,customer589@example.com,2021-03-05 16:04:19
590,Customer 590,customer590@example.com,2021-03-06 09:36:34
591,Customer 591,customer591@example.com,2021-03-07 03:08:49
592,Customer 592,customer592@example.com,2021-03-07 20:41:04
593,Customer 593,customer593@example.com,2021-03-08 14:13:20
594,Customer 594,customer594@example.com,2021-03-09 07:45:35
595,Customer 595,customer595@example.com,2021-03-10 01:17:50
596,Customer 596,customer596@example.com,2021-03-10 18:50:05
597,Customer 597,customer597@example.com,2021-03-11 12:22:20
598,Customer 598,customer598@example.com,2021-03-12 05:54:35
599,Customer 599,customer599@example.com,2021-03-12 23:26:50
600,Customer 600,customer600@example.com,2021-03-13 16:59:05
601,Customer 601,customer601@example.com,2021-03-14 10:31:21
602,Customer 602,customer602@example.com,2021-03-15 04:03:36
603,Customer 603,customer603@example.com,2021-03-15 21:35:51
604,Customer 604,customer604@example.com,2021-03-16 15:08:06
605,Customer 605,customer605@example.com,2021-03-17 08:40:21
606,Customer 606,customer606@example.com,2021-03-18 02:12:36
607,Customer 607,customer607@example.com,2021-03-18 19:44:51
608,Customer 608,customer608@example.com,2021-03-19 13:17:07
609,Customer 609,customer609@example.com,2021-03-20 06:49:22
610,Customer 610,customer610@example.com,2021-03-21 00:21:37
611,Customer 611,customer611@example.com,2021-03-21 17:53:52
612,Customer 612,customer612@example.com,2021-03-22 11:26:07
613,Customer 613,customer613@example.com,2021-03-23 04:58:22
614,Customer 614,customer614@example.com,2021-03-23 22:30:37
615,Customer 615,customer615@example.com,2021-03-24 16:02:52
616,Customer 616,customer616@example.com,2021-03-25 09:35:08
617,Customer 617,customer617@example.com,2021-03-26 03:07:23
618,Customer 618,customer618@example.com,2021-03-26 20:39:38
619,Customer 619,customer619@example.com,2021-03-27 14:11:53
620,Customer 620,customer620@example.com,2021-03-28 07:44:08
621,Customer 621,customer621@example.com,2021-03-29 01:16:23
622,Customer 622,customer622@example.com,2021-03-29 18:48:38
623,Customer 623,customer623@example.com,2021-03-30 12:20:54
624,Customer 624,customer624@example.com,2021-03-31 05:53:09
625,Customer 625,customer625@example.com,2021-03-31 23:25:24
626,Customer 626,customer626@example.com,2021-04-01 16:57:39
627,Customer 627,customer627@example.com,2021-04-02 10:29:54
628,Customer 628,customer628@example.com,2021-04-03 04:02:09
629,Customer 629,customer629@example.com,2021-04-03 21:34:24
630,Customer 630,customer630@example.com,2021-04-04 15:06:40
631,Customer 631,customer631@example.com,2021-04-05 08:38:55
632,Customer 632,customer632@example.com,2021-04-06 02:11:10
633,Customer 633,customer633@example.com,2021-04-06 19:43:25
634,Customer 634,customer634@example.com,2021-04-07 13:15:40
635,Customer 635,customer635@example.com,2021-04-08 06:47:55
636,Customer 636,customer636@example.com,2021-04-09 00:20:10
637,Customer 637,customer637@example.com,2021-04-09 17:52:25
638,Customer 638,customer638@example.com,2021-04-10 11:24:41
639,Customer 639,customer639@example.com,2021-04-11 04:56:56
640,Customer 640,customer640@example.com,2021-04-11 22:29:11
641,Customer 641,customer641@example.com,2021-04-12 16:01:26
642,Customer 642,customer642@example.com,2021-04-13 09:33:41
643,Customer 643,customer643@example.com,2021-04-14 03:05:56
644,Customer 644,customer644@example.com,2021-04-14 20:38:11
645,Customer 645,customer645@example.com,2021-04-15 14:10:27
646,Customer 646,customer646@example.com,2021-04-16 07:42:42
647,Customer 647,customer647@example.com,2021-04-17 01:14:57
648,Customer 648,customer648@example.com,2021-04-17 18:47:12
649,Customer 649,customer649@example.com,2021-04-18 12:19:27
650,Customer 650,customer650@example.com,2021-04-19 05:51:42
651,Customer 651,customer651@example.com,2021-04-19 23:23:57
652,Customer 652,customer652@example.com,2021-04-20 16:56:12
653,Customer 653,customer653@example.com,2021-04-21 10:28:28
654,Customer 654,customer654@example.com,2021-04-22 04:00:43
655,Customer 655,customer655@example.com,2021-04-22 21:32:58
656,Customer 656,customer656@example.com,2021-04-23 15:05:13
657,Customer 657,customer657@example.com,2021-04-24 08:37:28
658,Customer 658,customer658@example.com,2021-04-25 02:09:43
659,Customer 659,customer659@example.com,2021-04-25 19:41:58
660,Customer 660,customer660@example.com,2021-04-26 13:14:14
661,Customer 661,customer661@example.com,2021-04-27 06:46:29
662,Customer 662,customer662@example.com,2021-04-28 00:18:44
663,Customer 663,customer663@example.com,2021-04-28 17:50:59
664,Customer 664,customer664@example.com,2021-04-29 11:23:14
665,Customer 665,customer665@example.com,2021-04-30 04:55:29
666,Customer 666,customer666@example.com,2021-04-30 22:27:44
667,Customer 667,customer667@example.com,2021-05-01 16:00:00
668,Customer 668,customer668@example.com,2021-05-02 09:32:15
669,Customer 669,customer669@example.com,2021-05-03 03:04:30
670,Customer 670,customer670@example.com,2021-05-03 20:36:45
671,Customer 671,customer671@example.com,2021-05-04 14:09:00
672,Customer 672,customer672@example.com,2021-05-05 07:41:15
673,Customer 673,customer673@example.com,2021-05-06 01:13:30
674,Customer 674,customer674@example.com,2021-05-06 18:45:45
675,Customer 675,customer675@example.com,2021-05-07 12:18:01
676,Customer 676,customer676@example.com,2021-05-08 05:50:16
677,Customer 677,customer677@example.com,2021-05-08 23:22:31
678,Customer 678,customer678@example.com,2021-05-09 16:54:46
679,Customer 679,customer679@example.com,2021-05-10 10:27:01
680,Customer 680,customer680@example.com,2021-05-11 03:59:16
681,Customer 681,customer681@example.com,2021-05-11 21:31:31
682,Customer 682,customer682@example.com,2021-05-12 15:03:47
683,Customer 683,customer683@example.com,2021-05-13 08:36:02
684,Customer 684,customer684@example.com,2021-05-14 02:08:17
685,Customer 685,customer685@example.com,2021-05-14 19:40:32
686,Customer 686,customer686@example.com,2021-05-15 13:12:47
687,Customer 687,customer687@example.com,2021-05-16 06:45:02
688,Customer 688,customer688@example.com,2021-05-17 00:17:17
689,Customer 689,customer689@example.com,2021-05-17 17:49:32
690,Customer 690,customer690@example.com,2021-05-18 11:21:48
691,Customer 691,customer691@example.com,2021-05-19 04:54:03
692,Customer 692,customer692@example.com,2021-05-19 22:26:18
693,Customer 693,customer693@example.com,2021-05-20 15:58:33
694,Customer 694,customer694@example.com,2021-05-21 09:30:48
695,Customer 695,customer695@example.com,2021-05-22 03:03:03
696,Customer 696,customer696@example.com,2021-05-22 20:35:18
697,Customer 697,customer697@example.com,2021-05-23 14:07:34
698,Customer 698,customer698@example.com,2021-05-24 07:39:49
699,Customer 699,customer699@example.com,2021-05-25 01:12:04
700,Customer 700,customer700@example.com,2021-05-25 18:44:19
701,Customer 701,customer701@example.com,2021-05-26 12:16:34
702,Customer 702,customer702@example.com,2021-05-27 05:48:49
703,Customer 703,customer703@example.com,2021-05-27 23:21:04
704,Customer 704,customer704@example.com,2021-05-28 16:53:20
705,Customer 705,customer705@example.com,2021-05-29 10:25:35
706,Customer 706,customer706@example.com,2021-05-30 03:57:50
707,Customer 707,customer707@example.com,2021-05-30 21:30:05
708,Customer 708,customer708@example.com,2021-05-31 15:02:20
709,Customer 709,customer709@example.com,2021-06-01 08:34:35
710,Customer 710,customer710@example.com,2021-06-02 02:06:50
711,Customer 711,customer711@example.com,2021-06-02 19:39:05
712,Customer 712,customer712@example.com,2021-06-03 13:11:21
713,Customer 713,customer713@example.com,2021-06-04 06:43:36
714,Customer 714,customer714@example.com,2021-06-05 00:15:51
715,Customer 715,customer715@example.com,2021-06-05 17:48:06
716,Customer 716,customer716@example.com,2021-06-06 11:20:21
717,Customer 717,customer717@example.com,2021-06-07 04:52:36
718,Customer 718,customer718@example.com,2021-06-07 22:24:51
719,Customer 719,customer719@example.com,2021-06-08 15:57:07
720,Customer 720,customer720@example.com,2021-06-09 09:29:22
721,Customer 721,customer721@example.com,2021-06-10 03:01:37
722,Customer 722,customer722@example.com,2021-06-10 20:33:52
723,Customer 723,customer723@example.com,2021-06-11 14:06:07
724,Customer 724,customer724@example.com,2021-06-12 07:38:22
725,Customer 725,customer725@example.com,2021-06-13 01:10:37
726,Customer 726,customer726@example.com,2021-06-13 18:42:52
727,Customer 727,customer727@example.com,2021-06-14 12:15:08
728,Customer 728,customer728@example.com,2021-06-15 05:47:23
729,Customer 729,customer729@example.com,2021-06-15 23:19:38
730,Customer 730,customer730@example.com,2021-06-16 16:51:53
731,Customer 731,customer731@example.com,2021-06-17 10:24:08
732,Customer 732,customer732@example.com,2021-06-18 03:56:23
733,Customer 733,customer733@example.com,2021-06-18 21:28:38
734,Customer 734,customer734@example.com,2021-06-19 15:00:54
735,Customer 735,customer735@example.com,2021-06-20 08:33:09
736,Customer 736,customer736@example.com,2021-06-21 02:05:24
737,Customer 737,customer737@example.com,2021-06-21 19:37:39
738,Customer 738,customer738@example.com,2021-06-22 13:09:54
739,Customer 739,customer739@example.com,2021-06-23 06:42:09
740,Customer 740,customer740@example.com,2021-06-24 00:14:24
741,Customer 741,customer741@example.com,2021-06-24 17:46:40
742,Customer 742,customer742@example.com,2021-06-25 11:18:55
743,Customer 743,customer743@example.com,2021-06-26 04:51:10
744,Customer 744,customer744@example.com,2021-06-26 22:23:25
745,Customer 745,customer745@example.com,2021-06-27 15:55:40
746,Customer 746,customer746@example.com,2021-06-28 09:27:55
747,Customer 747,customer747@example.com,2021-06-29 03:00:10
748,Customer 748,customer748@example.com,2021-06-29 20:32:25
749,Customer 749,customer749@example.com,2021-06-30 14:04:41
750,Customer 750,customer750@example.com,2021-07-01 07:36:56
751,Customer 751,customer751@example.com,2021-07-02 01:09:11
752,Customer 752,customer752@example.com,2021-07-02 18:41:26
753,Customer 753,customer753@example.com,2021-07-03 12:13:41
754,Customer 754,customer754@example.com,2021-07-04 05:45:56
755,Customer 755,customer755@example.com,2021-07-04 23:18:11
756,Customer 756,customer756@example.com,2021-07-05 16:50:27
757,Customer 757,customer757@example.com,2021-07-06 10:22:42
758,Customer 758,customer758@example.com,2021-07-07 03:54:57
759,Customer 759,customer759@example.com,2021-07-07 21:27:12
760,Customer 760,customer760@example.com,2021-07-08 14:59:27
761,Customer 761,customer761@example.com,2021-07-09 08:31:42
762,Customer 762,customer762@example.com,2021-07-10 02:03:57
763,Customer 763,customer763@example.com,2021-07-10 19:36:12
764,Customer 764,customer764@example.com,2021-07-11 13:08:28
765,Customer 765,customer765@example.com,2021-07-12 06:40:43
766,Customer 766,customer766@example.com,2021-07-13 00:12:58
767,Customer 767,customer767@example.com,2021-07-13 17:45:13
768,Customer 768,customer768@example.com,2021-07-14 11:17:28
769,Customer 769,customer769@example.com,2021-07-15 04:49:43
770,Customer 770,customer770@example.com,2021-07-15 22:21:58
771,Customer 771,customer771@example.com,2021-07-16 15:54:14
772,Customer 772,customer772@example.com,2021-07-17 09:26:29
773,Customer 773,customer773@example.com,2021-07-18 02:58:44
774,Customer 774,customer774@example.com,2021-07-18 20:30:59
775,Customer 775,customer775@example.com,2021-07-19 14:03:14
776,Customer 776,customer776@example.com,2021-07-20 07:35:29
777,Customer 777,customer777@example.com,2021-07-21 01:07:44
778,Customer 778,customer778@example.com,2021-07-21 18:40:00
779,Customer 779,customer779@example.com,2021-07-22 12:12:15
780,Customer 780,customer780@example.com,2021-07-23 05:44:30
781,Customer 781,customer781@example.com,2021-07-23 23:16:45
782,Customer 782,customer782@example.com,2021-07-24 16:49:00
783,Customer 783,customer783@example.com,2021-07-25 10:21:15
784,Customer 784,customer784@example.com,2021-07-26 03:53:30
785,Customer 785,customer785@example.com,2021-07-26 21:25:45
786,Customer 786,customer786@example.com,2021-07-27 14:58:01
787,Customer 787,customer787@example.com,2021-07-28 08:30:16
788,Customer 788,customer788@example.com,2021-07-29 02:02:31
789,Customer 789,customer789@example.com,2021-07-29 19:34:46
790,Customer 790,customer790@example.com,2021-07-30 13:07:01
791,Customer 791,customer791@example.com,2021-07-31 06:39:16
792,Customer 792,customer792@example.com,2021-08-01 00:11:31
793,Customer 793,customer793@example.com,2021-08-01 17:43:47
794,Customer 794,customer794@example.com,2021-08-02 11:16:02
795,Customer 795,customer795@example.com,2021-08-03 04:48:17
796,Customer 796,customer796@example.com,2021-08-03 22:20:32
797,Customer 797,customer797@example.com,2021-08-04 15:52:47
798,Customer 798,customer798@example.com,2021-08-05 09:25:02
799,Customer 799,customer799@example.com,2021-08-06 02:57:17
800,Customer 800,customer800@example.com,2021-08-06 20:29:32
801,Customer 801,customer801@example.com,2021-08-07 14:01:48
802,Customer 802,customer802@example.com,2021-08-08 07:34:03
803,Customer 803,customer803@example.com,2021-08-09 01:06:18
804,Customer 804,customer804@example.com,2021-08-09 18:38:33
805,Customer 805,customer805@example.com,2021-08-10 12:10:48
806,Customer 806,customer806@example.com,2021-08-11 05:43:03
807,Customer 807,customer807@example.com,2021-08-11 23:15:18
808,Customer 808,customer808@example.com,2021-08-12 16:47:34
809,Customer 809,customer809@example.com,2021-08-13 10:19:49
810,Customer 810,customer810@example.com,2021-08-14 03:52:04
811,Customer 811,customer811@example.com,2021-08-14 21:24:19
812,Customer 812,customer812@example.com,2021-08-15 14:56:34
813,Customer 813,customer813@example.com,2021-08-16 08:28:49
814,Customer 814,customer814@example.com,2021-08-17 02:01:04
815,Customer 815,customer815@example.com,2021-08-17 19:33:20
816,Customer 816,customer816@example.com,2021-08-18 13:05:35
817,Customer 817,customer817@example.com,2021-08-19 06:37:50
818,Customer 818,customer818@example.com,2021-08-20 00:10:05
819,Customer 819,customer819@example.com,2021-08-20 17:42:20
820,Customer 820,customer820@example.com,2021-08-21 11:14:35
821,Customer 821,customer821@example.com,2021-08-22 04:46:50
822,Customer 822,customer822@example.com,2021-08-22 22:19:05
823,Customer 823,customer823@example.com,2021-08-23 15:51:21
824,Customer 824,customer824@example.com,2021-08-24 09:23:36
825,Customer 825,customer825@example.com,2021-08-25 02:55:51
826,Customer 826,customer826@example.com,2021-08-25 20:28:06
827,Customer 827,customer827@example.com,2021-08-26 14:00:21
828,Customer 828,customer828@example.com,2021-08-27 07:32:36
829,Customer 829,customer829@example.com,2021-08-28 01:04:51
830,Customer 830,customer830@example.com,2021-08-28 18:37:07
831,Customer 831,customer831@example.com,2021-08-29 12:09:22
832,Customer 832,customer832@example.com,2021-08-30 05:41:37
833,Customer 833,customer833@example.com,2021-08-30 23:13:52
834,Customer 834,customer834@example.com,2021-08-31 16:46:07
835,Customer 835,customer835@example.com,2021-09-01 10:18:22
836,Customer 836,customer836@example.com,2021-09-02 03:50:37
837,Customer 837,customer837@example.com,2021-09-02 21:22:52
838,Customer 838,customer838@example.com,2021-09-03 14:55:08
839,Customer 839,customer839@example.com,2021-09-04 08:27:23
840,Customer 840,customer840@example.com,2021-09-05 01:59:38
841,Customer 841,customer841@example.com,2021-09-05 19:31:53
842,Customer 842,customer842@example.com,2021-09-06 13:04:08
843,Customer 843,customer843@example.com,2021-09-07 06:36:23
844,Customer 844,customer844@example.com,2021-09-08 00:08:38
845,Customer 845,customer845@example.com,2021-09-08 17:40:54
846,Customer 846,customer846@example.com,2021-09-09 11:13:09
847,Customer 847,customer847@example.com,2021-09-10 04:45:24
848,Customer 848,customer848@example.com,2021-09-10 22:17:39
849,Customer 849,customer849@example.com,2021-09-11 15:49:54
850,Customer 850,customer850@example.com,2021-09-12 09:22:09
851,Customer 851,customer851@example.com,2021-09-13 02:54:24
852,Customer 852,customer852@example.com,2021-09-13 20:26:40
853,Customer 853,customer853@example.com,2021-09-14 13:58:55
854,Customer 854,customer854@example.com,2021-09-15 07:31:10
855,Customer 855,customer855@example.com,2021-09-16 01:03:25
856,Customer 856,customer856@example.com,2021-09-16 18:35:40
857,Customer 857,customer857@example.com,2021-09-17 12:07:55
858,Customer 858,customer858@example.com,2021-09-18 05:40:10
859,Customer 859,customer859@example.com,2021-09-18 23:12:25
860,Customer 860,customer860@example.com,2021-09-19 16:44:41
861,Customer 861,customer861@example.com,2021-09-20 10:16:56
862,Customer 862,customer862@example.com,2021-09-21 03:49:11
863,Customer 863,customer863@example.com,2021-09-21 21:21:26
864,Customer 864,customer864@example.com,2021-09-22 14:53:41
865,Customer 865,customer865@example.com,2021-09-23 08:25:56
866,Customer 866,customer866@example.com,2021-09-24 01:58:11
867,Customer 867,customer867@example.com,2021-09-24 19:30:27
868,Customer 868,customer868@example.com,2021-09-25 13:02:42
869,Customer 869,customer869@example.com,2021-09-26 06:34:57
870,Customer 870,customer870@example.com,2021-09-27 00:07:12
871,Customer 871,customer871@example.com,2021-09-27 17:39:27
872,Customer 872,customer872@example.com,2021-09-28 11:11:42
873,Customer 873,customer873@example.com,2021-09-29 04:43:57
874,Customer 874,customer874@example.com,2021-09-29 22:16:12
875,Customer 875,customer875@example.com,2021-09-30 15:48:28
876,Customer 876,customer876@example.com,2021-10-01 09:20:43
877,Customer 877,customer877@example.com,2021-10-02 02:52:58
878,Customer 878,customer878@example.com,2021-10-02 20:25:13
879,Customer 879,customer879@example.com,2021-10-03 13:57:28
880,Customer 880,customer880@example.com,2021-10-04 07:29:43
881,Customer 881,customer881@example.com,2021-10-05 01:01:58
882,Customer 882,customer882@example.com,2021-10-05 18:34:14
883,Customer 883,customer883@example.com,2021-10-06 12:06:29
884,Customer 884,customer884@example.com,2021-10-07 05:38:44
885,Customer 885,customer885@example.com,2021-10-07 23:10:59
886,Customer 886,customer886@example.com,2021-10-08 16:43:14
887,Customer 887,customer887@example.com,2021-10-09 10:15:29
888,Customer 888,customer888@example.com,2021-10-10 03:47:44
889,Customer 889,customer889@example.com,2021-10-10 21:20:00
890,Customer 890,customer890@example.com,2021-10-11 14:52:15
891,Customer 891,customer891@example.com,2021-10-12 08:24:30
892,Customer 892,customer892@example.com,2021-10-13 01:56:45
893,Customer 893,customer893@example.com,2021-10-13 19:29:00
894,Customer 894,customer894@example.com,2021-10-14 13:01:15
895,Customer 895,customer895@example.com,2021-10-15 06:33:30
896,Customer 896,customer896@example.com,2021-10-16 00:05:45
897,Customer 897,customer897@example.com,2021-10-16 17:38:01
898,Customer 898,customer898@example.com,2021-10-17 11:10:16
899,Customer 899,customer899@example.com,2021-10-18 04:42:31
900,Customer 900,customer900@example.com,2021-10-18 22:14:46
901,Customer 901,customer901@example.com,2021-10-19 15:47:01
902,Customer 902,customer902@example.com,2021-10-20 09:19:16
903,Customer 903,customer903@example.com,2021-10-21 02:51:31
904,Customer 904,customer904@example.com,2021-10-21 20:23:47
905,Customer 905,customer905@example.com,2021-10-22 13:56:02
906,Customer 906,customer906@example.com,2021-10-23 07:28:17
907,Customer 907,customer907@example.com,2021-10-24 01:00:32
908,Customer 908,customer908@example.com,2021-10-24 18:32:47
909,Customer 909,customer909@example.com,2021-10-25 12:05:02
910,Customer 910,customer910@example.com,2021-10-26 05:37:17
911,Customer 911,customer911@example.com,2021-10-26 23:09:32
912,Customer 912,customer912@example.com,2021-10-27 16:41:48
913,Customer 913,customer913@example.com,2021-10-28 10:14:03
914,Customer 914,customer914@example.com,2021-10-29 03:46:18
915,Customer 915,customer915@example.com,2021-10-29 21:18:33
916,Customer 916,customer916@example.com,2021-10-30 14:50:48
917,Customer 917,customer917@example.com,2021-10-31 08:23:03
918,Customer 918,customer918@example.com,2021-11-01 01:55:18
919,Customer 919,customer919@example.com,2021-11-01 19:27:34
920,Customer 920,customer920@example.com,2021-11-02 12:59:49
921,Customer 921,customer921@example.com,2021-11-03 06:32:04
922,Customer 922,customer922@example.com,2021-11-04 00:04:19
923,Customer 923,customer923@example.com,2021-11-04 17:36:34
924,Customer 924,customer924@example.com,2021-11-05 11:08:49
925,Customer 925,customer925@example.com,2021-11-06 04:41:04
926,Customer 926,customer926@example.com,2021-11-06 22:13:20
927,Customer 927,customer927@example.com,2021-11-07 15:45:35
928,Customer 928,customer928@example.com,2021-11-08 09:17:50
929,Customer 929,customer929@example.com,2021-11-09 02:50:05
930,Customer 930,customer930@example.com,2021-11-09 20:22:20
931,Customer 931,customer931@example.com,2021-11-10 13:54:35
932,Customer 932,customer932@example.com,2021-11-11 07:26:50
933,Customer 933,customer933@example.com,2021-11-12 00:59:05
934,Customer 934,customer934@example.com,2021-11-12 18:31:21
935,Customer 935,customer935@example.com,2021-11-13 12:03:36
936,Customer 936,customer936@example.com,2021-11-14 05:35:51
937,Customer 937,customer937@example.com,2021-11-14 23:08:06
938,Customer 938,customer938@example.com,2021-11-15 16:40:21
939,Customer 939,customer939@example.com,2021-11-16 10:12:36
940,Customer 940,customer940@example.com,2021-11-17 03:44:51
941,Customer 941,customer941@example.com,2021-11-17 21:17:07
942,Customer 942,customer942@example.com,2021-11-18 14:49:22
943,Customer 943,customer943@example.com,2021-11-19 08:21:37
944,Customer 944,customer944@example.com,2021-11-20 01:53:52
945,Customer 945,customer945@example.com,2021-11-20 19:26:07
946,Customer 946,customer946@example.com,2021-11-21 12:58:22
947,Customer 947,customer947@example.com,2021-11-22 06:30:37
948,Customer 948,customer948@example.com,2021-11-23 00:02:52
949,Customer 949,customer949@example.com,2021-11-23 17:35:08
950,Customer 950,customer950@example.com,2021-11-24 11:07:23
951,Customer 951,customer951@example.com,2021-11-25 04:39:38
952,Customer 952,customer952@example.com,2021-11-25 22:11:53
953,Customer 953,customer953@example.com,2021-11-26 15:44:08
954,Customer 954,customer954@example.com,2021-11-27 09:16:23
955,Customer 955,customer955@example.com,2021-11-28 02:48:38
956,Customer 956,customer956@example.com,2021-11-28 20:20:54
957,Customer 957,customer957@example.com,2021-11-29 13:53:09
958,Customer 958,customer958@example.com,2021-11-30 07:25:24
959,Customer 959,customer959@example.com,2021-12-01 00:57:39
960,Customer 960,customer960@example.com,2021-12-01 18:29:54
961,Customer 961,customer961@example.com,2021-12-02 12:02:09
962,Customer 962,customer962@example.com,2021-12-03 05:34:24
963,Customer 963,customer963@example.com,2021-12-03 23:06:40
964,Customer 964,customer964@example.com,2021-12-04 16:38:55
965,Customer 965,customer965@example.com,2021-12-05 10:11:10
966,Customer 966,customer966@example.com,2021-12-06 03:43:25
967,Customer 967,customer967@example.com,2021-12-06 21:15:40
968,Customer 968,customer968@example.com,2021-12-07 14:47:55
969,Customer 969,customer969@example.com,2021-12-08 08:20:10
970,Customer 970,customer970@example.com,2021-12-09 01:52:25
971,Customer 971,customer971@example.com,2021-12-09 19:24:41
972,Customer 972,customer972@example.com,2021-12-10 12:56:56
973,Customer 973,customer973@example.com,2021-12-11 06:29:11
974,Customer 974,customer974@example.com,2021-12-12 00:01:26
975,Customer 975,customer975@example.com,2021-12-12 17:33:41
976,Customer 976,customer976@example.com,2021-12-13 11:05:56
977,Customer 977,customer977@example.com,2021-12-14 04:38:11
978,Customer 978,customer978@example.com,2021-12-14 22:10:27
979,Customer 979,customer979@example.com,2021-12-15 15:42:42
980,Customer 980,customer980@example.com,2021-12-16 09:14:57
981,Customer 981,customer981@example.com,2021-12-17 02:47:12
982,Customer 982,customer982@example.com,2021-12-17 20:19:27
983,Customer 983,customer983@example.com,2021-12-18 13:51:42
984,Customer 984,customer984@example.com,2021-12-19 07:23:57
985,Customer 985,customer985@example.com,2021-12-20 00:56:12
986,Customer 986,customer986@example.com,2021-12-20 18:28:28
987,Customer 987,customer987@example.com,2021-12-21 12:00:43
988,Customer 988,customer988@example.com,2021-12-22 05:32:58
989,Customer 989,customer989@example.com,2021-12-22 23:05:13
990,Customer 990,customer990@example.com,2021-12-23 16:37:28
991,Customer 991,customer991@example.com,2021-12-24 10:09:43
992,Customer 992,customer992@example.com,2021-12-25 03:41:58
993,Customer 993,customer993@example.com,2021-12-25 21:14:14
994,Customer 994,customer994@example.com,2021-12-26 14:46:29
995,Customer 995,customer995@example.com,2021-12-27 08:18:44
996,Customer 996,customer996@example.com,2021-12-28 01:50:59
997,Customer 997,customer997@example.com,2021-12-28 19:23:14
998,Customer 998,customer998@example.com,2021-12-29 12:55:29
999,Customer 999,customer999@example.com,2021-12-30 06:27:44
1000,Customer 1000,customer1000@example.com,2021-12-31 00:00:00
